,0,L8 code
0,DMBeh,HowTechInfEm
1,HowTechInfBeh,HowTechInfBeh
2,KnowGoodDH,KnowDepthUnbalWell
3,EarlyAdopt,EarlyAdopt
4,KnowHardSoftWare,TeamCommSkill
5,STEnt,LimitST
6,LimitST,LimitST
7,CreateContentOnline,CreateContentOnline
8,CreateContentOnline,CreateContentOnline
9,LimitST,LimitST
10,CreateContentOnline,ManageDigitalInitiative
11,STEnt,STEnt
12,CreateContentOnline,CreateContentOnline
13,LimitST,KnowGoodDH
14,LimitST,LimitST
15,CreateContentOnline,CreateContentOnline
16,CreateContentOnline,KnowGoodDH
17,AwareSTHabits,AwareSTHabits
18,AwareSTHabits,AwareSTHabits
19,AwareSTHabits,AwareSTHabits
20,HowTechInfEm,HowTechInfEm
21,CreateContentOnline,CreateContentOnline
22,CollabEdit,CollabEdit
23,CreateContentOnline,CreateContentOnline
24,CreateContentOnline,CreateContentOnline
25,CreateContentOnline,CreateContentOnline
26,LimitST,KnowGoodDH
27,KnowGoodDH,AwareSTHabits
28,CreateContentOnline,CollabEdit
29,CreateContentOnline,CreateContentOnline
30,LimitST,LimitST
31,KnowGoodDH,KnowGoodDH
32,LimitST,LimitST
33,KnowGoodDH,KnowGoodDH
34,TeamCommSkill,TeamCommSkill
35,KnowGoodDH,MultiOnlinePersona
36,KnowGoodDH,KnowGoodDH
37,FeedbackLoop,FeedbackLoop
38,KnowGoodDH,AwareSTHabits
39,LimitST,LimitST
40,FeedbackLoop,FeedbackLoop
41,FeedbackLoop,FeedbackLoop
42,FeedbackLoop,FeedbackLoop
43,FeedbackLoop,FeedbackLoop
44,FeedbackLoop,TeamCommSkill
45,CommTech,CommTech
46,FeedbackLoop,TeamCommSkill
47,FeedbackLoop,FeedbackLoop
48,FeedbackLoop,FeedbackLoop
49,FeedbackLoop,FeedbackLoop
50,CreateContentOnline,CreateContentOnline
51,KnowHardSoftWare,CreateContentOnline
52,CreateContentOnline,CreateContentOnline
53,CreateContentOnline,CreateContentOnline
54,BasicContentSkills,BasicContentSkills
55,CreateContentOnline,CreateContentOnline
56,CreateContentOnline,LimitST
57,KnowHardSoftWare,KnowHardSoftWare
58,LimitST,LimitST
59,KnowGoodDH,KnowGoodDH
60,CreateContentOnline,LimitST
61,KnowGoodDH,KnowGoodDH
62,FeedbackLoop,FeedbackLoop
63,MobileOpSkills,MobileOpSkills
64,CreateContentOnline,FavAttDF
65,AwareSTHabits,AwareSTHabits
66,KnowGoodDH,KnowGoodDH
67,KnowGoodDH,KnowGoodDH
68,LimitST,LimitST
69,AttGlobal,FavAttDF
70,KnowGoodDH,KnowGoodDH
71,KnowGoodDH,KnowGoodDH
72,LimitST,LimitST
73,TeamCommSkill,TeamCommSkill
74,KnowGoodDH,CollabEdit
75,LimitST,NaviInfo
76,CommSkillsCB,DMBeh
77,LimitST,AwareSTHabits
78,CollabEdit,KnowHardSoftWare
79,CollabEdit,AwareSTHabits
80,KnowHardSoftWare,CreateContentOnline
81,STEnt,STEnt
82,LimitST,LimitST
83,CollabEdit,CollabEdit
84,ShareStoryPlatform,ShareStoryPlatform
85,FeedbackLoop,FeedbackLoop
86,CommDistance,BasicContentSkills
87,CreateContentOnline,CreateContentOnline
88,CollabEdit,CollabEdit
89,OrganizeInfo,OrganizeInfo
90,CollabEdit,EarlyAdopt
91,KnowGoodDH,KnowGoodDH
92,EditContentOnline,CreateContentOnline
93,BasicContentSkills,BasicContentSkills
94,CreateContentOnline,CreateContentOnline
95,OrganizeInfo,OrganizeInfo
96,CreateContentOnline,CreateContentOnline
97,CollabEdit,CollabEdit
98,AwareSTHabits,AwareSTHabits
99,EditContentOnline,BasicContentSkills
100,BasicContentSkills,TeamCommSkill
101,DesignStrategy,DesignStrategy
102,DesignStrategy,DesignStrategy
103,OnlineSocialMovement,OnlineSocialMovement
104,BasicContentSkills,BasicContentSkills
105,KnowHardSoftWare,KnowHardSoftWare
106,BasicContentSkills,KnowHardSoftWare
107,BasicContentSkills,BasicContentSkills
108,CollabEdit,CollabEdit
109,KnowHardSoftWare,KnowHardSoftWare
110,CollabEdit,CollabEdit
111,KnowGoodDH,KnowGoodDH
112,BasicContentSkills,EditContentOnline
113,WebDev,WebDev
114,CollabEdit,CollabEdit
115,WebDev,WebDev
116,KnowHardSoftWare,BasicContentSkills
117,KnowHardSoftWare,KnowHardSoftWare
118,BasicContentSkills,BasicContentSkills
119,WebDev,WebDev
120,CollabEdit,BeyondSustainability
121,BasicContentSkills,BasicContentSkills
122,BeyondSustainability,BeyondSustainability
123,KnowPersonalInfo,SkillsLimitPI
124,CollabEdit,CollabEdit
125,LimitST,KnowGoodDH
126,BasicContentSkills,BasicContentSkills
127,CreateContentOnline,CreateContentOnline
128,CollabEdit,CollabEdit
129,CreateContentOnline,KnowHardSoftWare
130,CreateContentOnline,CreateContentOnline
131,CollabEdit,CollabEdit
132,CreateContentOnline,CreateContentOnline
133,CollabEdit,CollabEdit
134,KnowGoodDH,KnowGoodDH
135,CreateContentOnline,CreateContentOnline
136,CollabEdit,KnowGoodDH
137,LimitST,LimitST
138,LimitST,LimitST
139,LimitST,LimitST
140,KnowGoodDH,KnowGoodDH
141,KnowGoodDH,KnowGoodDH
142,LimitST,LimitST
143,KnowGoodDH,KnowGoodDH
144,KnowGoodDH,CollabEdit
145,KnowGoodDH,KnowGoodDH
146,KnowGoodDH,KnowGoodDH
147,EarlyAdopt,EarlyAdopt
148,LimitST,LimitST
149,KnowGoodDH,SelfEfficacy
150,AwareSTHabits,AwareSTHabits
151,BasicContentSkills,WebDev
152,CommKnow,CommKnow
153,CommReasons,CommReasons
154,AttPISharing,AttPISharing
155,KnowMyPISafe,KnowMyPISafe
156,UnderCyberThreats,UnderCyberThreats
157,NatureDF,NatureDF
158,DFRepLife,DFRepLife
159,WebDev,WebDev
160,WebDev,WebDev
161,KnowHardSoftWare,OrganizeInfo
162,KnowHardSoftWare,KnowHardSoftWare
163,KnowHardSoftWare,KnowHardSoftWare
164,FactCheckingInfo,FactCheckingInfo
165,KnowHardSoftWare,OrganizeInfo
166,FactCheckingInfo,FactCheckingInfo
167,BehInfoSharing,BehInfoSharing
168,BehInfoSharing,BehInfoSharing
169,SkillsLimitPI,SkillsLimitPI
170,BehInfoSharing,BehInfoSharing
171,SkillsLimitPI,SkillsLimitPI
172,BehInfoSharing,AttPISharing
173,ShareStoryPlatform,ShareStoryPlatform
174,KnowHardSoftWare,KnowHardSoftWare
175,BasicContentSkills,ConflictIPKnow
176,BasicContentSkills,ShareStoryPlatform
177,HowtoShareLife,KnowHardSoftWare
178,BasicContentSkills,BasicContentSkills
179,BasicContentSkills,BasicContentSkills
180,DisseminationStrategy,DisseminationStrategy
181,KnowHardSoftWare,DisseminationStrategy
182,DisseminationStrategy,DisseminationStrategy
183,KnowHardSoftWare,DisseminationStrategy
184,FactCheckingInfo,SkillsUnder
185,SkillsLimitPI,SkillsLimitPI
186,SkillsLimitPI,SkillsLimitPI
187,IdentifyRiskContent,IdentifyRiskContent
188,SkillsLimitPI,SkillsLimitPI
189,BasicContentSkills,BasicContentSkills
190,SkillsLimitPI,SkillsLimitPI
191,SkillsLimitPI,SkillsLimitPI
192,SupportDFWork,PastDFWork
193,DFRepLife,DFRepLife
194,SkillsLimitPI,SkillsLimitPI
195,KnowMyPISafe,KnowMyPISafe
196,KnowMyPISafe,KnowMyPISafe
197,VigilCS,VigilCS
198,BasicVoc,BasicVoc
199,KnowPersonalInfo,KnowPersonalInfo
200,CommKnow,CommKnow
201,NaviInfo,NaviInfo
202,KnowHardSoftWare,KnowHardSoftWare
203,KnowHardSoftWare,KnowHardSoftWare
204,InternetAct,InternetAct
205,BasicContentSkills,WebDev
206,BasicContentSkills,WebDev
207,FeedbackLoop,AwareOtherEm
208,BasicContentSkills,BasicContentSkills
209,BasicContentSkills,BasicContentSkills
210,KnowHardSoftWare,KnowHardSoftWare
211,BasicContentSkills,BasicContentSkills
212,MediaCampaign,MediaCampaign
213,SkillsLimitPI,SkillsLimitPI
214,NaviInfo,NaviInfo
215,NaviInfo,NaviInfo
216,SearchInfo,SearchInfo
217,KnowHardSoftWare,KnowHardSoftWare
218,NaviInfo,NaviInfo
219,FactCheckingInfo,RepContRisk
220,FactCheckingInfo,FactCheckingInfo
221,DisseminationStrategy,DisseminationStrategy
222,BasicContentSkills,BasicContentSkills
223,SkillsLimitPI,SkillsLimitPI
224,SkillsLimitPI,SkillsLimitPI
225,KnowHardSoftWare,KnowHardSoftWare
226,KnowHardSoftWare,BasicContentSkills
227,FactCheckingInfo,ConstOnlinePersona
228,SkillsLimitPI,SkillsUnder
229,KnowHardSoftWare,KnowHardSoftWare
230,BasicContentSkills,BasicContentSkills
231,BasicContentSkills,BasicContentSkills
232,BasicContentSkills,BasicContentSkills
233,KnowHardSoftWare,KnowHardSoftWare
234,BasicContentSkills,BasicContentSkills
235,BasicContentSkills,BasicContentSkills
236,WebDev,WebDev
237,NaviInfo,BasicVoc
238,CollabEdit,CollabEdit
239,WebDev,SkillsLimitPI
240,SelfEfficacy,KnowHardSoftWare
241,CollabEdit,CollabEdit
242,UnderPhishing,UnderPhishing
243,VigilCS,VigilCS
244,UnderCyberThreats,UnderCyberThreats
245,UnderCyberThreats,UnderCyberThreats
246,VigilCS,VigilCS
247,VigilCS,VigilCS
248,PurchaseOnline,StrategyCyberThreats
249,VigilCS,UnderPhishing
250,CollabEdit,CollabEdit
251,KnowHardSoftWare,KnowHardSoftWare
252,KnowHardSoftWare,KnowHardSoftWare
253,KnowHardSoftWare,KnowHardSoftWare
254,CollabEdit,CollabEdit
255,KnowHardSoftWare,KnowHardSoftWare
256,CollabEdit,CollabEdit
257,VigilCS,VigilCS
258,KnowHardSoftWare,KnowHardSoftWare
259,DigitalFundraising,DigitalFundraising
260,CommKnow,CommKnow
261,PurchaseOnline,PurchaseOnline
262,PurchaseOnline,PurchaseOnline
263,PurchaseOnline,PurchaseOnline
264,KnowHardSoftWare,KnowHardSoftWare
265,UnderPhishing,UnderPhishing
266,CollabEdit,CollabEdit
267,CollabEdit,CollabEdit
268,UnderPhishing,UnderPhishing
269,PurchaseOnline,PurchaseOnline
270,UnderPhishing,UnderPhishing
271,CollabEdit,CollabEdit
272,CollabEdit,CollabEdit
273,CollabEdit,CollabEdit
274,CollabEdit,OnlineSocialMovement
275,PurchaseOnline,PurchaseOnline
276,UnderCyberThreats,UnderCyberThreats
277,UnderPhishing,UnderPhishing
278,KnowHardSoftWare,UnderPhishing
279,PurchaseOnline,PurchaseOnline
280,UnderPhishing,UnderPhishing
281,StrategyCyberThreats,StrategyCyberThreats
282,UnderPhishing,UnderPhishing
283,UnderPhishing,UnderPhishing
284,PurchaseOnline,UnderPhishing
285,UnderPhishing,UnderPhishing
286,IoTRB,IoTRB
287,StrategyCyberThreats,StrategyCyberThreats
288,UnderPhishing,UnderPhishing
289,UnderPhishing,UnderPhishing
290,UnderPhishing,UnderPhishing
291,PurchaseOnline,PurchaseOnline
292,PurchaseOnline,PurchaseOnline
293,CollabEdit,CollabEdit
294,PurchaseOnline,PurchaseOnline
295,PurchaseOnline,PurchaseOnline
296,UnderCyberThreats,UnderCyberThreats
297,UnderPhishing,UnderPhishing
298,PurchaseOnline,PurchaseOnline
299,PurchaseOnline,PurchaseOnline
300,UnderCyberThreats,UnderCyberThreats
301,PurchaseOnline,PurchaseOnline
302,VigilCS,VigilCS
303,VigilCS,VigilCS
304,NaviInfo,NaviInfo
305,NaviInfo,NaviInfo
306,KnowHardSoftWare,KnowHardSoftWare
307,KnowHardSoftWare,KnowHardSoftWare
308,KnowHardSoftWare,KnowHardSoftWare
309,NaviInfo,BasicInternetSkills
310,NaviInfo,NaviInfo
311,NaviInfo,NaviInfo
312,FactCheckingInfo,FactCheckingInfo
313,SearchInfo,SearchInfo
314,CombatNegDFLife,ComposingIPstate
315,ComposingIPstate,ComposingIPstate
316,ComposingIPstate,ComposingIPstate
317,SearchInfo,SearchInfo
318,RepContRisk,RepContRisk
319,KnowHardSoftWare,KnowHardSoftWare
320,BasicInternetSkills,KnowHardSoftWare
321,KnowHardSoftWare,KnowHardSoftWare
322,RepContRisk,RepContRisk
323,BasicInternetSkills,BasicInternetSkills
324,RepContRisk,RepContRisk
325,BasicInternetSkills,BasicInternetSkills
326,KnowHardSoftWare,BasicInternetSkills
327,EditContentOnline,EditContentOnline
328,UnderPhishing,UnderPhishing
329,EditContentOnline,EditContentOnline
330,BasicContentSkills,BasicContentSkills
331,KnowHardSoftWare,KnowHardSoftWare
332,KnowHardSoftWare,KnowHardSoftWare
333,BasicContentSkills,BasicContentSkills
334,KnowHardSoftWare,KnowHardSoftWare
335,BasicContentSkills,BasicContentSkills
336,UnderPhishing,UnderPhishing
337,CollabEdit,CollabEdit
338,CollabEdit,CollabEdit
339,CollabEdit,CollabEdit
340,UnderPhishing,FeedbackLoop
341,UnderPhishing,StrategyCyberThreats
342,RepContRisk,RepContRisk
343,UnderCyberThreats,UnderCyberThreats
344,RepContRisk,RepContRisk
345,RepContRisk,RepContRisk
346,KnowHardSoftWare,KnowHardSoftWare
347,KnowHardSoftWare,StrategyCyberThreats
348,KnowHardSoftWare,KnowHardSoftWare
349,KnowHardSoftWare,KnowHardSoftWare
350,NaviInfo,NaviInfo
351,RepContRisk,NaviInfo
352,RepContRisk,SearchInfo
353,RepContRisk,RepContRisk
354,ComposingIPstate,ComposingIPstate
355,RepContRisk,RepContRisk
356,KnowHardSoftWare,SearchInfo
357,UnderPhishing,UnderPhishing
358,UnderPhishing,KnowHardSoftWare
359,UnderPhishing,UnderPhishing
360,UnderPhishing,UnderPhishing
361,UnderPhishing,UnderPhishing
362,UnderPhishing,UnderPhishing
363,UnderPhishing,UnderPhishing
364,FactCheckingInfo,FactCheckingInfo
365,FactCheckingInfo,FactCheckingInfo
366,SynInfo,SynInfo
367,SynInfo,SynInfo
368,BasicVoc,DigMarketing
369,FactCheckingInfo,FactCheckingInfo
370,BasicKnowContRisk,BasicKnowContRisk
371,BasicKnowContRisk,BasicKnowContRisk
372,BasicKnowContRisk,BasicKnowContRisk
373,FactCheckingInfo,FactCheckingInfo
374,FactCheckingInfo,FactCheckingInfo
375,FactCheckingInfo,FactCheckingInfo
376,FactCheckingInfo,FactCheckingInfo
377,FactCheckingInfo,FactCheckingInfo
378,FactCheckingInfo,FactCheckingInfo
379,FactCheckingInfo,FactCheckingInfo
380,FactCheckingInfo,FactCheckingInfo
381,FactCheckingInfo,FactCheckingInfo
382,FactCheckingInfo,FactCheckingInfo
383,KnowHardSoftWare,KnowHardSoftWare
384,FactCheckingInfo,FactCheckingInfo
385,KnowHardSoftWare,KnowHardSoftWare
386,NaviInfo,NaviInfo
387,KnowHardSoftWare,KnowHardSoftWare
388,KnowHardSoftWare,KnowHardSoftWare
389,KnowHardSoftWare,KnowHardSoftWare
390,NaviInfo,NaviInfo
391,NaviInfo,NaviInfo
392,NaviInfo,NaviInfo
393,FactCheckingInfo,KnowHardSoftWare
394,KnowHardSoftWare,KnowHardSoftWare
395,KnowHardSoftWare,KnowHardSoftWare
396,FactCheckingInfo,SearchInfo
397,FactCheckingInfo,BasicContentSkills
398,MediaInfKnow,MediaInfKnow
399,FactCheckingInfo,FactCheckingInfo
400,BasicContentSkills,BasicContentSkills
401,FactCheckingInfo,FactCheckingInfo
402,FactCheckingInfo,FactCheckingInfo
403,FactCheckingInfo,FactCheckingInfo
404,FactCheckingInfo,FactCheckingInfo
405,FactCheckingInfo,FactCheckingInfo
406,ChooseEffectVisual,ChooseEffectVisual
407,BasicContentSkills,BasicContentSkills
408,FactCheckingInfo,FactCheckingInfo
409,FactCheckingInfo,FactCheckingInfo
410,FactCheckingInfo,FactCheckingInfo
411,FactCheckingInfo,FactCheckingInfo
412,FactCheckingInfo,FactCheckingInfo
413,FactCheckingInfo,FactCheckingInfo
414,FactCheckingInfo,FactCheckingInfo
415,FactCheckingInfo,FactCheckingInfo
416,FactCheckingInfo,FactCheckingInfo
417,FactCheckingInfo,FactCheckingInfo
418,FactCheckingInfo,FactCheckingInfo
419,FactCheckingInfo,FactCheckingInfo
420,FactCheckingInfo,FactCheckingInfo
421,FactCheckingInfo,FactCheckingInfo
422,BasicContentSkills,BasicContentSkills
423,FactCheckingInfo,FactCheckingInfo
424,FactCheckingInfo,FactCheckingInfo
425,FactCheckingInfo,FactCheckingInfo
426,FactCheckingInfo,FactCheckingInfo
427,FactCheckingInfo,FactCheckingInfo
428,FactCheckingInfo,FactCheckingInfo
429,FactCheckingInfo,FactCheckingInfo
430,FactCheckingInfo,FactCheckingInfo
431,FactCheckingInfo,FactCheckingInfo
432,FactCheckingInfo,FactCheckingInfo
433,FactCheckingInfo,FactCheckingInfo
434,KnowGoodDH,KnowGoodDH
435,FactCheckingInfo,FactCheckingInfo
436,ComposingIPstate,ComposingIPstate
437,ConflictIPKnow,ConflictIPKnow
438,ConflictIPKnow,ConflictIPKnow
439,ComposingIPstate,ComposingIPstate
440,ComposingIPstate,ConflictIPKnow
441,ConflictIPKnow,ConflictIPKnow
442,ConflictIPKnow,ConflictIPKnow
443,ComposingIPstate,ComposingIPstate
444,ComposingIPstate,ComposingIPstate
445,FactCheckingInfo,FactCheckingInfo
446,FactCheckingInfo,ComposingIPstate
447,ConflictIPKnow,ConflictIPKnow
448,ComposingIPstate,ComposingIPstate
449,EditContentOnline,EditContentOnline
450,EditContentOnline,EditContentOnline
451,NaviInfo,KnowHardSoftWare
452,BasicContentSkills,BasicContentSkills
453,BasicContentSkills,KnowHardSoftWare
454,BasicContentSkills,BasicContentSkills
455,KnowHardSoftWare,KnowHardSoftWare
456,NaviInfo,NaviInfo
457,SearchInfo,SearchInfo
458,BasicContentSkills,ConflictIPKnow
459,BasicContentSkills,BasicContentSkills
460,BasicContentSkills,BasicContentSkills
461,BasicContentSkills,BasicContentSkills
462,EditContentOnline,EditContentOnline
463,FactCheckingInfo,NaviInfo
464,NaviInfo,PersonalDataProcess
465,AttGlobal,AttGlobal
466,FactCheckingInfo,FactCheckingInfo
467,AttGlobal,AttGlobal
468,FactCheckingInfo,KnowHardSoftWare
469,KnowHardSoftWare,KnowHardSoftWare
470,KnowHardSoftWare,KnowHardSoftWare
471,NaviInfo,NaviInfo
472,SearchInfo,SearchInfo
473,FactCheckingInfo,FactCheckingInfo
474,NaviInfo,NaviInfo
475,KnowHardSoftWare,KnowHardSoftWare
476,FactCheckingInfo,FactCheckingInfo
477,StrongPwd,StrongPwd
478,StrongPwd,StrongPwd
479,StrongPwd,StrongPwd
480,InternetAct,InternetAct
481,KnowPersonalInfo,SkillsLimitPI
482,StrongPwd,StrongPwd
483,KnowHardSoftWare,KnowHardSoftWare
484,KnowHardSoftWare,KnowHardSoftWare
485,KnowHardSoftWare,KnowHardSoftWare
486,KnowHardSoftWare,KnowHardSoftWare
487,NaviInfo,NaviInfo
488,KnowHardSoftWare,KnowHardSoftWare
489,KnowHardSoftWare,KnowHardSoftWare
490,KnowHardSoftWare,KnowHardSoftWare
491,StrongPwd,StrongPwd
492,StrongPwd,StrongPwd
493,StrongPwd,KnowHardSoftWare
494,UnderCyberThreats,UnderCyberThreats
495,StrongPwd,StrongPwd
496,UnderCyberThreats,IoTRB
497,UnderCyberThreats,UnderCyberThreats
498,IoTRB,IoTRB
499,StrongPwd,IoTRB
500,StrongPwd,StrongPwd
501,StrongPwd,StrongPwd
502,IoTRB,IoTRB
503,KnowHardSoftWare,KnowHardSoftWare
504,KnowHardSoftWare,KnowHardSoftWare
505,KnowHardSoftWare,KnowHardSoftWare
506,KnowHardSoftWare,KnowHardSoftWare
507,VigilCS,VigilCS
508,KnowHardSoftWare,KnowHardSoftWare
509,StrongPwd,KnowHardSoftWare
510,VigilCS,VigilCS
511,KnowHardSoftWare,StrongPwd
512,UnderCyberThreats,UnderCyberThreats
513,StrongPwd,KnowHardSoftWare
514,StrongPwd,UnderCyberThreats
515,UnderCyberThreats,UnderCyberThreats
516,StrongPwd,UnderCyberThreats
517,StrongPwd,StrongPwd
518,UnderCyberThreats,UnderCyberThreats
519,StrongPwd,StrongPwd
520,StrongPwd,StrongPwd
521,StrongPwd,StrongPwd
522,StrongPwd,StrongPwd
523,StrongPwd,StrongPwd
524,StrongPwd,StrongPwd
525,StrongPwd,StrongPwd
526,StrongPwd,StrongPwd
527,StrongPwd,StrongPwd
528,StrongPwd,StrongPwd
529,StrongPwd,StrongPwd
530,StrongPwd,StrongPwd
531,StrongPwd,StrongPwd
532,StrongPwd,StrongPwd
533,StrongPwd,UnderCyberThreats
534,StrongPwd,StrongPwd
535,StrongPwd,StrongPwd
536,StrongPwd,StrongPwd
537,StrongPwd,StrongPwd
538,StrongPwd,StrongPwd
539,StrongPwd,StrongPwd
540,StrongPwd,StrongPwd
541,KnowHardSoftWare,KnowHardSoftWare
542,KnowHardSoftWare,KnowHardSoftWare
543,StrongPwd,StrongPwd
544,KnowHardSoftWare,KnowHardSoftWare
545,StrongPwd,SkillsLimitPI
546,StrongPwd,StrongPwd
547,StrongPwd,StrongPwd
548,UnderCyberThreats,UnderCyberThreats
549,FeedbackLoop,IntentPrivacyProtect
550,StrongPwd,IntentPrivacyProtect
551,EditContentOnline,EditContentOnline
552,StrongPwd,StrongPwd
553,EditContentOnline,EditContentOnline
554,EditContentOnline,EditContentOnline
555,KnowHardSoftWare,KnowHardSoftWare
556,BasicContentSkills,BasicContentSkills
557,KnowHardSoftWare,KnowHardSoftWare
558,KnowHardSoftWare,KnowHardSoftWare
559,BasicContentSkills,EditContentOnline
560,KnowHardSoftWare,KnowHardSoftWare
561,EditContentOnline,EditContentOnline
562,KnowHardSoftWare,KnowHardSoftWare
563,BasicContentSkills,BasicContentSkills
564,KnowHardSoftWare,KnowHardSoftWare
565,EditContentOnline,EditContentOnline
566,KnowHardSoftWare,KnowHardSoftWare
567,StrongPwd,StrongPwd
568,EditContentOnline,EditContentOnline
569,StrongPwd,StrongPwd
570,StrongPwd,StrongPwd
571,StrongPwd,StrongPwd
572,StrongPwd,StrongPwd
573,StrongPwd,StrongPwd
574,BasicInternetSkills,BasicInternetSkills
575,StrongPwd,StrongPwd
576,StrongPwd,StrongPwd
577,BasicInternetSkills,BasicInternetSkills
578,BasicInternetSkills,BasicInternetSkills
579,KnowHardSoftWare,TechnicalSkillsCB
580,KnowHardSoftWare,EditContentOnline
581,ProtectOthersCB,ProtectOthersCB
582,DMBeh,BasicVoc
583,NatureOnline,NatureOnline
584,BehCB,BehCB
585,NatureCB,NatureCB
586,NatureCB,NatureCB
587,NatureOnline,NatureOnline
588,DFRepLife,NatureDF
589,NatureDF,NatureDF
590,DFRepLife,DFRepLife
591,NatureCB,NatureCB
592,KnowHardSoftWare,CreateContentOnline
593,KnowHardSoftWare,EditContentOnline
594,EditContentOnline,EditContentOnline
595,KnowHardSoftWare,KnowHardSoftWare
596,KnowHardSoftWare,KnowHardSoftWare
597,KnowHardSoftWare,KnowHardSoftWare
598,NaviInfo,NaviInfo
599,KnowHardSoftWare,KnowHardSoftWare
600,KnowHardSoftWare,KnowHardSoftWare
601,KnowHardSoftWare,KnowHardSoftWare
602,CollabEdit,CollabEdit
603,KnowHardSoftWare,CollabEdit
604,ProtectOthersCB,ProtectOthersCB
605,DMBeh,DMBeh
606,FactCheckingInfo,FactCheckingInfo
607,ResponsibilityUserCB,ResponsibilityUserCB
608,KnowHardSoftWare,KnowHardSoftWare
609,OnlineCul,FactCheckingInfo
610,DealCB,DealCB
611,EditContentOnline,EditContentOnline
612,FactCheckingInfo,FactCheckingInfo
613,ResponsibilityUserCB,ResponsibilityUserCB
614,NatureOnline,NatureOnline
615,BehCB,BehCB
616,ProtectOthersCB,ProtectOthersCB
617,NaviInfo,NaviInfo
618,ComposingIPstate,ComposingIPstate
619,NaviInfo,NaviInfo
620,NaviInfo,NaviInfo
621,SynInfo,SearchInfo
622,FactCheckingInfo,FactCheckingInfo
623,KnowHardSoftWare,SearchInfo
624,ConflictIPKnow,ConflictIPKnow
625,ComposingIPstate,ComposingIPstate
626,ComposingIPstate,ConflictIPKnow
627,ComposingIPstate,ComposingIPstate
628,ComposingIPstate,ComposingIPstate
629,KnowHardSoftWare,KnowHardSoftWare
630,ComposingIPstate,SearchInfo
631,KnowHardSoftWare,KnowHardSoftWare
632,DealCB,DealCB
633,BehCV,BehCV
634,DealCB,DealCB
635,NatureCB,NatureCB
636,DealCB,BehOtherBehCR
637,DealCB,DealCB
638,DealCB,ProtectOthersCB
639,DealCB,DealCB
640,KnowHardSoftWare,KnowHardSoftWare
641,KnowHardSoftWare,KnowHardSoftWare
642,DealCB,DealCB
643,DealCB,DealCB
644,CommSkillsCB,CommSkillsCB
645,DefDF,DealCB
646,SearchInfo,NaviInfo
647,KnowHardSoftWare,DealCB
648,DealCB,DealCB
649,CommTech,CommTech
650,DealCB,DealCB
651,CopeNegCB,CopeNegCB
652,AttComfCB,AttComfCB
653,DealCB,ResponsibilityUserCB
654,BasicVoc,BasicVoc
655,HowTechInfEm,HowTechInfEm
656,DealCB,HelpContRisk
657,ProtectOthersCB,ProtectOthersCB
658,CommAtt,CommAtt
659,FeedbackLoop,FeedbackLoop
660,CollabEdit,CollabEdit
661,FeedbackLoop,FeedbackLoop
662,FeedbackLoop,FeedbackLoop
663,BasicContentSkills,BasicContentSkills
664,KnowHardSoftWare,KnowHardSoftWare
665,OrganizeInfo,OrganizeInfo
666,OrganizeInfo,OrganizeInfo
667,KnowHardSoftWare,KnowHardSoftWare
668,BasicContentSkills,BasicContentSkills
669,NaviInfo,NaviInfo
670,SearchInfo,SearchInfo
671,ConflictIPKnow,ConflictIPKnow
672,BasicContentSkills,BasicContentSkills
673,BasicContentSkills,BasicContentSkills
674,BasicContentSkills,BasicContentSkills
675,CommSkillsCB,CommSkillsCB
676,BasicInternetSkills,BasicInternetSkills
677,CollabEdit,OrganizeInfo
678,OrganizeInfo,OrganizeInfo
679,KnowHardSoftWare,KnowHardSoftWare
680,CommSkillsCB,BasicInternetSkills
681,RepContRisk,RepContRisk
682,DealCB,DealCB
683,BasicInternetSkills,BasicInternetSkills
684,CreateContentOnline,CreateContentOnline
685,DealCB,DealCB
686,KnowHardSoftWare,KnowHardSoftWare
687,OrganizeInfo,OrganizeInfo
688,CreateContentOnline,CreateContentOnline
689,KnowHardSoftWare,KnowHardSoftWare
690,KnowHardSoftWare,KnowHardSoftWare
691,CreateContentOnline,CreateContentOnline
692,KnowHardSoftWare,KnowHardSoftWare
693,CollabEdit,CollabEdit
694,CreateContentOnline,CreateContentOnline
695,CreateContentOnline,CreateContentOnline
696,EditContentOnline,EditContentOnline
697,CollabEdit,CollabEdit
698,SkillKindOnline,SkillKindOnline
699,SkillKindOnline,SkillKindOnline
700,BasicContentSkills,BasicContentSkills
701,KnowHardSoftWare,KnowHardSoftWare
702,BasicContentSkills,BasicContentSkills
703,BasicContentSkills,BasicContentSkills
704,KnowHardSoftWare,KnowHardSoftWare
705,KnowHardSoftWare,KnowHardSoftWare
706,BasicContentSkills,BasicContentSkills
707,NaviInfo,NaviInfo
708,BasicContentSkills,IPKnow
709,BasicContentSkills,BasicContentSkills
710,CollabEdit,CollabEdit
711,ContConsent,ContConsent
712,BasicInternetSkills,CollabEdit
713,BasicContentSkills,BasicContentSkills
714,EditContentOnline,BasicContentSkills
715,DealCB,DealCB
716,KnowHardSoftWare,KnowHardSoftWare
717,OrganizeInfo,BasicInternetSkills
718,KnowHardSoftWare,BasicContentSkills
719,KnowHardSoftWare,KnowHardSoftWare
720,BasicContentSkills,BasicContentSkills
721,BasicContentSkills,BasicContentSkills
722,KnowHardSoftWare,KnowHardSoftWare
723,KnowHardSoftWare,KnowHardSoftWare
724,BasicContentSkills,BasicContentSkills
725,KnowHardSoftWare,KnowHardSoftWare
726,BasicContentSkills,EditContentOnline
727,DefDF,EditContentOnline
728,DefDF,DefDF
729,DefDF,DefDF
730,DFRepLife,DFRepLife
731,DFRepLife,DFRepLife
732,DefDF,DefDF
733,DefDF,DefDF
734,CollabEdit,CollabEdit
735,KnowHardSoftWare,KnowHardSoftWare
736,KnowHardSoftWare,KnowHardSoftWare
737,NaviInfo,NaviInfo
738,KnowHardSoftWare,KnowHardSoftWare
739,KnowHardSoftWare,KnowHardSoftWare
740,KnowHardSoftWare,KnowHardSoftWare
741,CollabEdit,CollabEdit
742,KnowHardSoftWare,KnowHardSoftWare
743,DefDF,DefDF
744,KnowHardSoftWare,KnowHardSoftWare
745,CollabEdit,CollabEdit
746,DMBeh,DMBeh
747,SelfEfficacy,SelfEfficacy
748,KnowHardSoftWare,KnowHardSoftWare
749,KnowHardSoftWare,KnowHardSoftWare
750,PersonalDataProcess,PersonalDataProcess
751,DefDF,DefDF
752,PersonalDataProcess,PersonalDataProcess
753,NaviInfo,PersonalDataProcess
754,DefDF,DefDF
755,DefDF,DefDF
756,PersonalDataProcess,PersonalDataProcess
757,BasicMS,BasicMS
758,BasicMS,BasicMS
759,DefDF,DefDF
760,IoTRB,IoTRB
761,IoTRB,IoTRB
762,NaviInfo,IoTRB
763,DefDF,DefDF
764,TypeDF,TypeDF
765,FavAttDF,FavAttDF
766,DefDF,DefDF
767,KnowHardSoftWare,KnowHardSoftWare
768,KnowHardSoftWare,KnowHardSoftWare
769,DefDF,DefDF
770,DMBeh,InternetAct
771,KnowHardSoftWare,KnowHardSoftWare
772,KnowHardSoftWare,KnowHardSoftWare
773,KnowHardSoftWare,KnowHardSoftWare
774,DefDF,DefDF
775,DefDF,DefDF
776,DefDF,DefDF
777,KnowHardSoftWare,KnowHardSoftWare
778,CollabEdit,CollabEdit
779,DMBeh,DMBeh
780,DefDF,DefDF
781,FavAttDF,FavAttDF
782,DefDF,DefDF
783,DefDF,NatureDF
784,DFRepLife,NatureDF
785,SelfAwareDFM,SelfAwareDFM
786,FavAttDF,ProfessionalDF
787,ProfessionalDF,ProfessionalDF
788,FavAttDF,FavAttDF
789,KnowHardSoftWare,KnowHardSoftWare
790,CollabEdit,CollabEdit
791,KnowHardSoftWare,KnowHardSoftWare
792,KnowHardSoftWare,KnowHardSoftWare
793,PersonalDataProcess,PersonalDataProcess
794,KnowHardSoftWare,KnowHardSoftWare
795,DefDF,DefDF
796,DefDF,DefDF
797,DefDF,TypeDF
798,DefDF,DefDF
799,FeedbackLoop,FeedbackLoop
800,FavAttDF,FavAttDF
801,DFRepLife,DFRepLife
802,DFRepLife,DFRepLife
803,KnowHardSoftWare,KnowHardSoftWare
804,CollabEdit,CollabEdit
805,DMBeh,DMBeh
806,DFRepLife,DFRepLife
807,DefDF,DefDF
808,DFRepLife,DFRepLife
809,DFRepLife,DFRepLife
810,DefDF,DefDF
811,DFRepLife,FavAttDF
812,DFRepLife,DFRepLife
813,KnowHardSoftWare,KnowHardSoftWare
814,CollabEdit,CollabEdit
815,DMBeh,DMBeh
816,DefDF,DFRepLife
817,DFRepLife,DFRepLife
818,DefDF,DefDF
819,ProfessionalDF,SelfAwareDFM
820,CollabEdit,CollabEdit
821,KnowHardSoftWare,KnowHardSoftWare
822,DFRepLife,DefDF
823,DFRepLife,DFRepLife
824,DFRepLife,DefDF
825,CombatNegDFLife,CombatNegDFLife
826,ProfessionalDF,ProfessionalDF
827,ProfessionalDF,ProfessionalDF
828,ProfessionalDF,ProfessionalDF
829,ProfessionalDF,ProfessionalDF
830,OnlineSocialMovement,OnlineSocialMovement
831,BasicContentSkills,BasicContentSkills
832,KnowHardSoftWare,KnowHardSoftWare
833,SelfAwareDFM,SelfAwareDFM
834,SelfAwareDFM,SelfAwareDFM
835,KnowHardSoftWare,BasicContentSkills
836,ProfessionalDF,ProfessionalDF
837,KnowHardSoftWare,KnowHardSoftWare
838,BasicContentSkills,BasicContentSkills
839,NaviInfo,NaviInfo
840,NaviInfo,NaviInfo
841,BasicContentSkills,ConflictIPKnow
842,BasicContentSkills,BasicContentSkills
843,BasicContentSkills,KnowHardSoftWare
844,KnowHardSoftWare,KnowHardSoftWare
845,KnowHardSoftWare,KnowHardSoftWare
846,BasicContentSkills,SelfAwareDFM
847,DFRepLife,DefDF
848,FavAttDF,FavAttDF
849,FavAttDF,FavAttDF
850,DFRepLife,DFRepLife
851,DFRepLife,DFRepLife
852,CollabEdit,OnlineSocialMovement
853,KnowHardSoftWare,KnowHardSoftWare
854,DFRepLife,DFRepLife
855,DFRepLife,DFRepLife
856,DFRepLife,NatureDF
857,NatureCB,DFRepLife
858,DFRepLife,DFRepLife
859,DFRepLife,DFRepLife
860,KnowHardSoftWare,DFRepLife
861,ConstOnlinePersona,ConstOnlinePersona
862,CreateContentOnline,CreateContentOnline
863,OnlineSocialMovement,OnlineSocialMovement
864,KnowHardSoftWare,KnowHardSoftWare
865,CreateContentOnline,CreateContentOnline
866,ConstOnlinePersona,ConstOnlinePersona
867,ProfessionalDF,ProfessionalDF
868,CreateContentOnline,CreateContentOnline
869,KnowHardSoftWare,KnowHardSoftWare
870,KnowHardSoftWare,KnowHardSoftWare
871,CreateContentOnline,CreateContentOnline
872,CreateContentOnline,CreateContentOnline
873,CreateContentOnline,CreateContentOnline
